algorithm,time,neff,repeat,neff/s
grapeNUTS,0.4381740093231201,412.7281800223967,0,941.9275704188127
grapeNUTS,2.5106139183044434,392.6463472349406,0,156.3945552807723
NUTS,0.9322957992553711,374.72687484479457,0,401.93989412382916
