neff_n,neff_gn,time_n,time_gn,perf_n,perf_gn,perf_ratio,rep
1580.3186284845367,1506.307494962748,0.7596180438995361,0.6779747009277344,2080.412177114559,2221.775374363572,1.067949610564709,0
1218.1083627171297,1406.0490340606061,0.7494280338287354,0.6639730930328369,1625.3840365351218,2117.6295377244596,1.3028487361292607,1
1041.1333046414957,1683.1416944329283,0.8747520446777344,0.8192839622497559,1190.203910898039,2054.405764041831,1.726095625489694,2
1324.7240120805843,1189.1711168936463,0.7647497653961182,0.6830272674560547,1732.2319953827193,1741.030224639101,1.0050791287078369,3
1312.645313037804,1335.5249423430416,0.7492849826812744,0.6875791549682617,1751.8639014231624,1942.3581018896489,1.1087380134448428,4
1121.627496942498,1126.9602472655586,0.7692751884460449,0.6639249324798584,1458.031552022643,1697.4211874468915,1.1641868689961867,5
