neff_n,neff_gn,time_n,time_gn,perf_n,perf_gn,perf_ratio,rep
20278.686997652625,19383.79602272343,0.48690199851989746,0.42835187911987305,41648.39548676432,45252.039193923854,1.086525391075504,0
23880.26828126383,22208.224150106224,0.4862830638885498,0.41810083389282227,49107.752366092885,53116.9094864785,1.0816400044232892,1
18473.990059940254,21313.748057725137,0.4819917678833008,0.4108610153198242,38328.43482176059,51875.81022048051,1.3534549600504047,2
19442.380820101072,19537.439911824,0.4850270748138428,0.41511082649230957,40085.14540670376,47065.59950969131,1.1741406706191004,3
22318.76561549375,17922.412984147984,0.5201640129089355,0.42058706283569336,42907.16978031517,42612.84896237894,0.9931405212825001,4
22015.74133712057,20708.792902018286,0.5233249664306641,0.4533970355987549,42068.96813518921,45674.742612002985,1.085711027311784,5
