neff_nuts,performance_ratio_gn_basic,performance_ratio_gn_smart,performance_ratio_gn_nojac,rep
18982.53431169403,1.4302220318966297,1.745649410999229,1.7099039023659925,0
21203.846758139684,1.6024403648289802,1.741675005044803,1.7576506412889212,1
21255.90963562811,1.422611578372611,1.5474133154073235,1.5362941939052053,2
19975.40399609412,1.4260935743913634,1.7372683050705418,1.7019305704815193,3
21220.48772888269,1.4164449445516172,1.7208768450208416,1.6559203859954308,4
22726.69962545919,1.4306454881377582,1.7527809846244586,1.7017868953250384,5
