neff_n,neff_gn,time_n,time_gn,perf_n,perf_gn,perf_ratio,rep
24072.294987635672,18974.690930263594,0.4788801670074463,0.4104759693145752,50267.88880831092,46226.07009601095,0.9195944208496036,0
18546.163737834835,23596.392322760545,0.47185778617858887,0.41691112518310547,39304.56226659674,56598.1354237,1.4399889519136135,1
18703.8835241752,21254.82381524762,0.5169639587402344,0.40186071395874023,36180.24662638732,52891.021881352375,1.4618756590447726,2
19247.542369171537,19974.481730038064,0.528895378112793,0.44822001457214355,36391.965529838264,44564.011156675064,1.2245563136768864,3
21932.88030739336,21220.67757871731,0.525414228439331,0.46139979362487793,41743.97859864186,45991.95290488124,1.1017625642989763,4
22924.323742632783,22761.506368702838,0.5135111808776855,0.4438629150390625,44642.306918129565,51280.48682936193,1.1486970627079434,5
