neff_n,neff_gn,time_n,time_gn,perf_n,perf_gn,perf_ratio,rep
1580.3186284845367,1506.307494962748,0.7887368202209473,0.6992549896240234,2003.60701817096,2154.160524149655,1.07514123508917,0
1218.1083627171297,1406.0490340606061,0.7862911224365234,0.6905279159545898,1549.1823930842695,2036.1943399737513,1.314367081025165,1
1041.1333046414957,1683.1416944329283,0.8636200428009033,0.7012181282043457,1205.5455559656525,2400.3111538816847,1.9910580251436576,2
1324.7240120805843,1189.1711168936463,0.7800190448760986,0.7022161483764648,1698.3226509437457,1693.4545291261518,0.9971335706940676,3
1312.645313037804,1335.5249423430416,0.7829720973968506,0.6983649730682373,1676.4905382988225,1912.3595739280404,1.1406921364844447,4
1121.627496942498,1126.9602472655586,0.8014981746673584,0.7042276859283447,1399.413663553259,1600.2782477657759,1.1435348170765323,5
