neff_n,neff_gn,steps_n,steps_gn,perf_n,perf_gn,perf_ratio,rep
21848.3230186117,18974.888441353938,19499,11173,1.1204842821996872,1.69828053713004,1.5156665417885629,0
19224.27936761615,21239.376004418315,19012,11228,1.0111655463715628,1.8916437481669321,1.870755738221948,1
21243.93141657691,18902.022194825353,18993,10971,1.118513737512605,1.722907865721024,1.540354675976081,2
20385.81767518101,19974.161036795107,19109,11328,1.0668176082045637,1.7632557412425058,1.6528183709022537,3
20533.4060419296,21220.6546413167,19321,11120,1.0627506879524662,1.9083322519169696,1.7956537441473046,4
21333.793344933823,22726.552155766025,19085,11266,1.117830408432477,2.0172689646516977,1.8046288143838338,5
