neff_n,neff_gn,time_n,time_gn,perf_n,perf_gn,perf_ratio,rep
1580.3186284845367,1506.307494962748,0.7558860778808594,0.6831188201904297,2090.6836026335995,2205.044642955148,1.0547003095913172,0
1218.1083627171297,1406.0490340606061,0.7665033340454102,0.6789669990539551,1589.175556860611,2070.8650582719592,1.3031065380611047,1
1041.1333046414957,1683.1416944329283,0.8839249610900879,0.6823287010192871,1177.8525898369617,2466.7608029950825,2.0942865213180295,2
1324.7240120805843,1189.1711168936463,0.7872631549835205,0.6856689453125,1682.6953016851326,1734.3225546720225,1.0306812843271078,3
1312.645313037804,1335.5249423430416,0.7775120735168457,0.6793761253356934,1688.2635752528465,1965.8108263417882,1.1643980567710668,4
1121.627496942498,1126.9602472655586,0.7793221473693848,0.6708729267120361,1439.2347256247892,1679.8415950227966,1.1671769483560488,5
