neff_n,neff_gn,time_n,time_gn,perf_n,perf_gn,perf_ratio,rep
45.75655934092514,45.75655934092514,122.05377626419067,10.389300107955933,0.37488851833541875,4.4042003662870055,11.74802681565856,0
45.75655934092514,45.75655934092514,117.59253215789795,11.099828004837036,0.3891110983092472,4.1222764281559625,10.594085972021725,1
