neff_n,neff_gn,time_n,time_gn,perf_n,perf_gn,perf_ratio,rep
20.27737146139156,39.21248579845454,1301.8673107624054,137.1648519039154,0.015575605358365312,0.2858785268541176,18.354248215500565,0
43.47606460201753,52.918514420523984,1314.7235043048859,143.45895671844482,0.03306859918428551,0.3688756396324757,11.154861370957882,1
11.713577435417788,36.1954448023344,1286.6312198638916,130.41230010986328,0.009104067470597308,0.2775462496393535,30.485961416226626,2
24.68993575956241,38.47905969445961,1364.909896850586,136.5894739627838,0.018089059077476356,0.28171321389629117,15.573679796704694,3
52.47129754448197,48.556463695294354,1266.5149881839752,147.97230100631714,0.041429669632034344,0.3281456283714978,7.920546586202278,4
53.804180683663056,23.76518734518563,1417.9942479133606,135.16810774803162,0.037943863850532694,0.17581948686806048,4.633673775571281,5
